position,lowerbound,upperbound,response frequency
1,0.0,1.0,
2,0.0,1.0,
3,0.0,1.0,
4,0.0,1.0,
5,0.0,1.0,
6,0.0,1.0,
7,0.0,1.0,
8,0.0,1.0,
9,0.0,1.0,
10,0.0,1.0,
11,0.0,1.0,
12,0.0,1.0,
13,0.0,1.0,
14,0.0,1.0,
15,0.0,1.0,
16,0.0,1.0,
17,0.0,1.0,
18,0.0,1.0,
19,0.0,1.0,
20,0.55,1.0,1.0
21,0.55,1.0,1.0
22,0.74,1.0,1.0
23,0.74,1.0,1.0
24,0.72,1.0,0.9486008474933558
25,0.72,1.0,0.9486008474933558
26,0.72,0.98,0.925999418556223
27,0.72,0.98,0.925999418556223
28,0.77,0.98,0.9411063109464314
29,0.77,0.98,0.9411063109464314
30,0.8,0.99,0.9486008474933558
31,0.8,0.99,0.9486008474933558
32,0.83,0.99,0.9560566524124028
33,0.83,0.99,0.9560566524124028
34,0.85,0.99,0.963474123974886
35,0.83,0.99,0.9560566524124028
36,0.85,0.99,0.963474123974886
37,0.83,0.99,0.9560566524124028
38,0.79,0.96,0.925999418556223
39,0.79,0.98,0.933572638261024
40,0.79,0.96,0.925999418556223
41,0.79,0.98,0.933572638261024
42,0.82,0.98,0.9486008474933558
43,0.79,0.98,0.933572638261024
44,0.82,0.98,0.9486008474933558
45,0.79,0.98,0.933572638261024
46,0.82,0.98,0.9486008474933558
47,0.79,0.98,0.933572638261024
48,0.82,0.98,0.9486008474933558
49,0.79,0.98,0.933572638261024
50,0.79,0.96,0.925999418556223
51,0.76,0.96,0.918386234446348
52,0.72,0.93,0.8875252707415875
53,0.76,0.96,0.918386234446348
54,0.72,0.93,0.8875252707415875
55,0.72,0.94,0.8953026213333066
56,0.72,0.93,0.8875252707415875
57,0.69,0.92,0.8718436485093178
58,0.72,0.93,0.8875252707415875
59,0.69,0.92,0.8718436485093178
60,0.72,0.93,0.8875252707415875
61,0.69,0.92,0.8718436485093178
62,0.72,0.93,0.8875252707415875
63,0.69,0.92,0.8718436485093178
64,0.72,0.93,0.8875252707415875
65,0.72,0.94,0.8953026213333066
66,0.75,0.95,0.9107326619029126
67,0.79,0.98,0.933572638261024
68,0.81,0.98,0.9411063109464314
69,0.87,1.0,0.9781956296816516
70,0.87,1.0,0.9781956296816516
71,0.9,1.0,1.0
72,0.9,1.0,1.0
73,0.88,1.0,1.0
74,0.88,1.0,1.0
75,0.85,1.0,1.0
76,0.85,1.0,1.0
77,0.81,1.0,1.0
78,0.81,1.0,1.0
79,0.71,1.0,1.0
80,0.71,1.0,1.0
81,0.47,1.0,1.0
82,0.47,1.0,1.0
83,0.0,1.0,
