position,lowerbound,upperbound,response frequency
1,0.03,0.09,0.070389327891398
2,0.03,0.08,0.070389327891398
3,0.03,0.07,0.070389327891398
4,0.05,0.1,0.0976107966264223
5,0.05,0.09,0.0976107966264223
6,0.04,0.09,0.0840642647884745
7,0.05,0.09,0.0976107966264223
8,0.05,0.08,0.0840642647884745
9,0.04,0.08,0.0840642647884745
10,0.04,0.07,0.0840642647884745
11,0.04,0.07,0.070389327891398
12,0.05,0.08,0.0840642647884745
13,0.05,0.08,0.0976107966264223
14,0.05,0.08,0.0840642647884745
15,0.05,0.08,0.0840642647884745
16,0.04,0.07,0.070389327891398
17,0.04,0.07,0.070389327891398
18,0.04,0.07,0.070389327891398
19,0.04,0.07,0.070389327891398
20,0.04,0.07,0.070389327891398
21,0.04,0.07,0.070389327891398
22,0.04,0.07,0.070389327891398
23,0.04,0.07,0.070389327891398
24,0.04,0.07,0.070389327891398
25,0.05,0.08,0.0840642647884745
26,0.04,0.07,0.0840642647884745
27,0.04,0.07,0.0840642647884745
28,0.06,0.09,0.0976107966264223
29,0.06,0.09,0.0976107966264223
30,0.06,0.09,0.0976107966264223
31,0.07,0.11,0.1243281350022017
32,0.07,0.11,0.1243281350022017
33,0.07,0.11,0.1243281350022017
34,0.08,0.12,0.137503523749935
35,0.09,0.13,0.1505596765753813
36,0.09,0.13,0.1505596765753813
37,0.1,0.14,0.1634987322828795
38,0.1,0.14,0.1634987322828795
39,0.1,0.14,0.1634987322828795
40,0.11,0.15,0.1763227726404628
41,0.11,0.15,0.1763227726404628
42,0.11,0.15,0.1763227726404628
43,0.12,0.16,0.1890338243900171
44,0.12,0.16,0.1890338243900171
45,0.11,0.16,0.1763227726404628
46,0.11,0.16,0.1763227726404628
47,0.11,0.16,0.1763227726404628
48,0.11,0.16,0.1763227726404628
49,0.11,0.15,0.1763227726404628
50,0.11,0.15,0.1763227726404628
51,0.12,0.16,0.1890338243900171
52,0.11,0.15,0.1763227726404628
53,0.11,0.15,0.1763227726404628
54,0.12,0.16,0.1763227726404628
55,0.11,0.15,0.1763227726404628
56,0.11,0.15,0.1763227726404628
57,0.12,0.16,0.1890338243900171
58,0.13,0.17,0.2016338611696504
59,0.13,0.17,0.2016338611696504
60,0.14,0.18,0.2141248053528473
61,0.14,0.18,0.2141248053528473
62,0.14,0.19,0.2141248053528473
63,0.15,0.19,0.2265085298086797
64,0.13,0.18,0.2016338611696504
65,0.14,0.18,0.2141248053528473
66,0.12,0.17,0.1890338243900171
67,0.11,0.16,0.1890338243900171
68,0.12,0.17,0.1890338243900171
69,0.13,0.18,0.2016338611696504
70,0.11,0.16,0.1763227726404628
71,0.11,0.17,0.1890338243900171
72,0.12,0.18,0.1890338243900171
73,0.09,0.14,0.1505596765753813
74,0.08,0.15,0.1505596765753813
75,0.1,0.17,0.1763227726404628
