position,predicted response frequency
1,0.28245056
2,0.3287868
3,0.39101964
4,0.33888087
5,0.21494572
6,0.15803121
7,0.13133276
8,0.14205605
9,0.18801947
10,0.1856987
11,0.19826342
12,0.1697199
13,0.14500038
14,0.13861069
15,0.18926786
16,0.20963296
17,0.17099725
18,0.1254323
19,0.11071554
20,0.10415305
21,0.14138001
22,0.15708138
23,0.25753793
24,0.29217085
25,0.40600327
26,0.46756312
27,0.53898597
28,0.6068538
29,0.6688247
30,0.58041525
31,0.57151896
32,0.48670524
33,0.54323876
34,0.5722537
35,0.5612403
36,0.45087692
37,0.46122783
38,0.3318923
39,0.49981853
40,0.47010505
41,0.5061806
42,0.57373357
43,0.543062
44,0.46873543
45,0.45186794
46,0.46040535
47,0.56367993
48,0.53618145
49,0.5707085
50,0.55153763
51,0.56091464
52,0.5815447
53,0.6129912
54,0.6120428
55,0.66191363
56,0.5894584
57,0.5867593
58,0.60046214
59,0.70515585
60,0.67894584
61,0.72247624
62,0.6721351
63,0.7221513
64,0.6628963
65,0.71326476
66,0.7391013
67,0.77847147
68,0.7077743
69,0.7113402
70,0.7266868
71,0.6982352
72,0.6642555
73,0.69785607
74,0.6851301
75,0.6269281
76,0.4774576
77,0.56499994
78,0.50649774
79,0.56666785
80,0.45611578
81,0.41770086
82,0.3792596
83,0.4006811
84,0.48110324
85,0.5119786
86,0.6284003
87,0.5838591
88,0.6012801
89,0.6207541
90,0.65516484
91,0.6705452
92,0.6858852
93,0.6912859
94,0.71116817
95,0.682055
96,0.6767113
97,0.6666621
98,0.6405675
99,0.5910915
100,0.5732193
101,0.5195521
102,0.5598048
103,0.6124885
104,0.7122593
105,0.7629999
106,0.78685963
107,0.7835854
108,0.7145779
109,0.5819056
110,0.6067258
111,0.5876945
112,0.59677386
113,0.47414368
114,0.4580816
115,0.52385783
116,0.562344
117,0.5302507
118,0.49724776
119,0.44130105
120,0.5048563
121,0.49313092
122,0.48450884
123,0.3866772
124,0.38569093
125,0.3914296
126,0.37552416
127,0.41257447
128,0.47324196
129,0.58597076
130,0.5855633
131,0.6241825
132,0.5023037
133,0.57173723
134,0.5135387
135,0.47420147
136,0.5115666
137,0.49356458
138,0.6159543
139,0.65938497
140,0.68229425
141,0.71381557
142,0.6514853
143,0.6109701
144,0.5327308
145,0.5301287
146,0.52348137
147,0.5749285
148,0.549098
149,0.5681913
150,0.5076299
151,0.4767171
152,0.5077585
153,0.52820516
